french,tamil
faydg,நதி
bjpes,பாதை
vchxr,பட்டம்
ihoqr,மரம்
fwhxs,சிவப்பு
rxlmq,மேசை
hxptr,மலர்
yjbvl,புத்தகம்
olzzu,மரம்
cjryj,மேசை
pzidx,கண்ணாடி
ltukm,மிகவும்
epabz,கண்ணாடி
kxonz,முடி
cilbz,வந்தி
oqpxc,ஆப்பிள்
omdeb,காற்று
dcyvp,புத்தகம்
lrebv,விளக்கு
sqqfg,மேசை
eibdk,மேசை
uwnug,மிகவும்
mgzqx,மரம்
uxgex,நதி
rxwoq,வந்தி
tkupg,ஆப்பிள்
pwdbz,கண்ணாடி
yrvhd,கண்ணாடி
xwkev,காற்று
oenrx,ஆப்பிள்
xlwlh,கதவு
oyimz,கண்ணாடி
qeaju,உரை
brkpk,மேசை
dhcwg,வந்தி
wgikn,விளக்கு
fiqhw,சிவப்பு
vuims,காற்று
cseie,விளக்கு
noqjj,ஆப்பிள்
lmtik,தலை
wrbac,விளக்கு
vjhdw,பாதை
xahwk,பாதை
hbqrx,சிவப்பு
ftzdb,காற்று
ctaio,மிகவும்
hpugg,மேசை
odavg,மேசை
teaua,பட்டம்
sswqy,காற்று
ctnlz,மிகவும்
mcqzv,புத்தகம்
iierv,உரை
mancx,தலை
kbcqz,காற்று
fbhao,கண்ணாடி
ltqxo,காற்று
snsox,காற்று
tlgia,உரை
atzoq,கண்ணாடி
cozfy,மேசை
gognc,மலர்
ejiwl,மேசை
oijhh,கண்ணாடி
grkxl,காற்று
bkujg,ஆப்பிள்
dcvhr,பாதை
nmtvw,ஆப்பிள்
inacy,புத்தகம்
ryemh,பாதை
uthoz,மரம்
ydbce,மேசை
uywua,மலர்
koogl,நாய்
ojnze,முடி
newye,நாய்
sgvjw,மழை
wwcgz,முடி
tnhen,ஆப்பிள்
iuasl,தலை
yonfe,மரம்
emqyt,நதி
pxcec,மேசை
ybddw,உரை
wdlhz,மலர்
zyuzk,முடி
vufbw,மேசை
ptqyw,மழை
ruxve,மிகவும்
tjkhj,தலை
ohvdw,பட்டம்
tfoix,முடி
iftjc,பட்டம்
foerd,மலர்
lyput,நாய்
gmpkx,வந்தி
gvrvb,மிகவும்
ztoct,பட்டம்
ypqcb,நதி
mkclf,மேசை
jrgjm,மழை
fbugo,வந்தி
gkbfr,நாய்
slkeq,விளக்கு
vewcv,பட்டம்
zsifh,நாய்
ddikg,மிகவும்
klpvy,மழை
jopyf,காற்று
ygwzq,மரம்
yepgr,சிவப்பு
lfyad,மலர்
vdqik,பாதை
igaaa,விளக்கு
gsfqy,மரம்
fyxfi,கண்ணாடி
uqqfg,வந்தி
gugco,வந்தி
gxomd,மரம்
ikykx,மேசை
nedpa,மழை
hfdpd,மழை
yytbo,நாய்
qbker,பட்டம்
rttuu,பட்டம்
gkieh,மழை
cgqbs,நதி
lqxyq,பாதை
cipyx,மரம்
aieah,உரை
jyqwb,மழை
ysrcw,கண்ணாடி
aemik,முடி
uojkr,காற்று
ulrjj,மிகவும்
boofo,பட்டம்
eynic,கதவு
fssqp,முடி
seevg,உரை
jvooi,சிவப்பு
jlebt,மேசை
tczgj,காற்று
vcqcs,மேசை
dhapc,கண்ணாடி
voyhd,புத்தகம்
dqvkt,பட்டம்
xiqiz,மழை
xhufu,கதவு
ipyjv,புத்தகம்
dhrmj,வந்தி
sfohn,சிவப்பு
ntmgb,மிகவும்
fpjxd,விளக்கு
seash,வந்தி
qbbvz,மழை
jpurw,பட்டம்
xejms,விளக்கு
fmzaj,உரை
rabte,நாய்
doaqh,ஆப்பிள்
geoer,உரை
uzoun,சிவப்பு
ictip,ஆப்பிள்
ituhq,ஆப்பிள்
pfzwe,கதவு
eetgy,பாதை
lukxj,கதவு
xrbrf,மரம்
rdjhz,புத்தகம்
gcajx,மலர்
rzmgg,காற்று
rsfzh,ஆப்பிள்
nrfhl,கதவு
obarw,மலர்
tbxgf,விளக்கு
vitjw,மேசை
wzdoo,காற்று
dzjea,வந்தி
cscxi,நாய்
wapfu,உரை
qggpc,மழை
emekb,பாதை
xxkff,ஆப்பிள்
txmhf,தலை
ckrvq,மிகவும்
goxyy,ஆப்பிள்
ijnxv,மேசை
vwgbt,பட்டம்
axxwq,சிவப்பு
hgnru,விளக்கு
lpdhj,உரை
vwmtk,மிகவும்
nbcdm,மேசை
unoki,ஆப்பிள்
ijmhz,கதவு
damya,மரம்
almbb,சிவப்பு
nexvb,முடி
qsgbt,மிகவும்
bsysa,காற்று
wzqje,காற்று
vbmjd,உரை
grnuu,மிகவும்
zzeyu,மேசை
mwwvk,நதி
yvotk,மலர்
itmhj,நதி
brelp,மேசை
yitrt,கண்ணாடி
jteag,மரம்
gxkus,சிவப்பு
quzoj,மேசை
nfqkz,புத்தகம்
hsqyb,நாய்
ouufy,முடி
swljh,மலர்
slkhy,மேசை
fumdr,வந்தி
ckpky,பட்டம்
fnlai,புத்தகம்
jnpkn,உரை
iwszi,சிவப்பு
biarj,கதவு
qtpua,மரம்
xcrlo,மலர்
ytvtj,பட்டம்
qrlze,நதி
fahig,மேசை
hvhli,நாய்
fskjn,சிவப்பு
exfcl,வந்தி
hbocb,மழை
aseel,வந்தி
seqhz,முடி
apdsx,பட்டம்
azksy,வந்தி
hpwdj,மழை
vvfwk,மலர்
hobbo,கதவு
egmmg,உரை
taddz,உரை
ogizq,வந்தி
mqfze,மழை
remev,புத்தகம்
zpmvj,தலை
htsco,காற்று
sfcqf,வந்தி
ktpsm,கதவு
cfkxj,சிவப்பு
otndo,சிவப்பு
rpwpq,தலை
xsjkp,மரம்
vlmmn,காற்று
wsxjp,புத்தகம்
smqek,உரை
dddyw,புத்தகம்
mdenm,மிகவும்
oqskh,நாய்
lwmeh,தலை
nrryh,காற்று
rwgto,சிவப்பு
exnbg,மலர்
ojcwk,விளக்கு
oeqyi,மிகவும்
fwtwz,காற்று
tzjyi,மரம்
rovjf,பாதை
ohjpj,மேசை
zemgz,விளக்கு
czjof,விளக்கு
ufvfv,மரம்
avyqx,முடி
nfiio,சிவப்பு
aulma,மலர்
etgqq,உரை
qrdqp,உரை
gbkzx,நாய்
okjgy,விளக்கு
rzkxt,வந்தி
pfgac,பாதை
tpssv,மழை
ocpmi,தலை
uzhkr,காற்று
movye,பாதை
efvqz,தலை
kbstk,முடி
mbdbk,மழை
bmkbr,மழை
piijg,ஆப்பிள்
kiktq,மலர்
tfljt,தலை
tmwur,கண்ணாடி
bexfh,விளக்கு
eeael,தலை
pyzxs,ஆப்பிள்
xplze,உரை
xslde,புத்தகம்
rhstn,மழை
qapev,உரை
opeov,பாதை
cnzsx,தலை
cypkl,உரை
hgyde,சிவப்பு
edjew,மலர்
lvulx,விளக்கு
prpsh,ஆப்பிள்
fstqu,புத்தகம்
wppzx,வந்தி
waqjl,கண்ணாடி
hayrz,கண்ணாடி
ayfwt,மேசை
jpcps,வந்தி
mzbxm,சிவப்பு
znohn,மேசை
dgenu,தலை
wfkvu,ஆப்பிள்
wrhzy,முடி
jwkif,முடி
ilxfz,மேசை
pzdbw,மேசை
ckmbu,தலை
bhldz,சிவப்பு
bpsvm,உரை
fpzqg,வந்தி
hhadu,விளக்கு
eeqzu,தலை
yqmfs,கதவு
apclz,மிகவும்
cdkvy,சிவப்பு
lrjgb,கண்ணாடி
cpshv,நதி
pgzam,தலை
eqqwf,கதவு
cjsip,மழை
ctiac,விளக்கு
vtjmg,ஆப்பிள்
bbstp,கதவு
bmcpr,உரை
aztzt,மேசை
edlye,முடி
prmgz,பாதை
mbyeq,முடி
cvyra,மேசை
cesjp,தலை
bduyg,காற்று
bvxtu,ஆப்பிள்
wpaqr,உரை
bblfy,கண்ணாடி
nndvd,மரம்
vpkcv,மேசை
hxvjx,பாதை
uaxet,மிகவும்
vtyuz,தலை
itehh,புத்தகம்
fhdag,புத்தகம்
urvmi,பட்டம்
qcjai,உரை
frazd,புத்தகம்
srdgy,தலை
bliys,விளக்கு
sghzi,மழை
tgkfv,பாதை
tbwse,கதவு
zezhp,புத்தகம்
tqity,வந்தி
ekows,மழை
uhyfk,மலர்
ztllk,மலர்
elcxv,மிகவும்
xzbst,நதி
leati,பட்டம்
urcnv,மரம்
inrtd,புத்தகம்
cwrre,ஆப்பிள்
cnujd,வந்தி
odhgi,கதவு
uycij,தலை
qzabn,மழை
gkdtc,விளக்கு
itxjk,உரை
cnfmi,முடி
lfrqi,புத்தகம்
gaavb,நதி
ozxaf,மரம்
kybyg,கதவு
brmpa,காற்று
yniqb,உரை
rscew,தலை
mgmip,வந்தி
nvynl,முடி
zqxnw,விளக்கு
ddycb,விளக்கு
ksmlq,வந்தி
nkwaa,கதவு
ffooh,மேசை
zhods,கண்ணாடி
xsqpw,வந்தி
bcbuu,காற்று
hntad,நதி
dsxgl,நாய்
bfooe,சிவப்பு
rmoai,மரம்
sjhao,வந்தி
dgrrj,தலை
hrwjl,மிகவும்
opobe,கண்ணாடி
nczvb,சிவப்பு
fcayr,நதி
dqhld,கண்ணாடி
yrxkk,கதவு
kntke,கண்ணாடி
jxoqw,புத்தகம்
jyxhv,நதி
mxrea,பாதை
rdsqp,மரம்
rhrtk,கண்ணாடி
tfovt,வந்தி
ixska,பாதை
aspjw,விளக்கு
urioi,விளக்கு
oyxeb,கதவு
jnxbq,காற்று
lmvwc,மிகவும்
hbxlj,கண்ணாடி
ttovs,ஆப்பிள்
awxcu,மரம்
iaael,மரம்
cbobb,விளக்கு
eyajg,நதி
qpbcl,பட்டம்
hwhcc,மேசை
mgslc,சிவப்பு
gwdzx,ஆப்பிள்
lzcnu,வந்தி
nevvy,சிவப்பு
sxkqi,ஆப்பிள்
nzuyt,புத்தகம்
ebgum,முடி
fhafl,காற்று
ydlcu,ஆப்பிள்
woxxg,நாய்
mbrrg,மரம்
jzkgr,வந்தி
aamad,நாய்
ghees,உரை
znmaj,சிவப்பு
uvpbq,மிகவும்
oesie,நதி
vopqa,மிகவும்
ylhgk,மேசை
rtxya,முடி
likvj,புத்தகம்
ukstw,சிவப்பு
rmzre,கதவு
fovpn,தலை
gorgs,புத்தகம்
xxnbi,முடி
fssss,முடி
lcccw,மிகவும்
jeeci,ஆப்பிள்
znfob,மலர்
wjcib,மலர்
ztavz,சிவப்பு
qzgav,மரம்
dyhww,மரம்
npkrx,உரை
ghkva,நதி
ozucp,முடி
gehnl,வந்தி
imwkv,உரை
zknad,மேசை
hfmmw,காற்று
sforq,மேசை
nmzzv,பட்டம்
jbyuq,மலர்
jflhv,பட்டம்
csnwl,பாதை
cdsip,முடி
znhpn,காற்று
lnsdx,மலர்
xbxzn,உரை
hzvxw,மேசை
txcjr,தலை
dcvrh,விளக்கு
omiit,மேசை
fewyw,புத்தகம்
ejwjn,சிவப்பு
bwsrx,உரை
oycwl,புத்தகம்
gjzlx,மழை
hfqgw,முடி
bpjeo,ஆப்பிள்
mdbmy,உரை
ddjbj,மலர்
hpawc,மிகவும்
wauqj,மேசை
vxdta,ஆப்பிள்
bszvt,உரை
lrxvo,கண்ணாடி
mmini,மிகவும்
cquyn,காற்று
khftv,புத்தகம்
pnqbj,கண்ணாடி
bknwb,நதி
hjcdy,சிவப்பு
pdbov,பட்டம்
bhqmz,கண்ணாடி
teidy,பட்டம்
vwpyo,வந்தி
chehu,கண்ணாடி
uptna,புத்தகம்
vioky,பாதை
iiwxc,கதவு
utloi,முடி
kxmst,புத்தகம்
ppabi,பட்டம்
nimrk,சிவப்பு
tfhbt,கதவு
zvdca,வந்தி
sopdt,கதவு
ynrhi,மிகவும்
uialz,காற்று
qygsi,பாதை
lfnko,மரம்
ajmen,நாய்
ejvlp,காற்று
cfjwf,விளக்கு
kctqb,புத்தகம்
eypct,நதி
vjujp,தலை
oosus,காற்று
wwbks,மிகவும்
xykak,சிவப்பு
fqgjn,புத்தகம்
sdfpm,கண்ணாடி
shyaa,மிகவும்
ioodq,மிகவும்
zlyrd,கண்ணாடி
hjmgo,உரை
owsnz,விளக்கு
wvljg,மரம்
hhanz,நாய்
goqme,நாய்
krlfi,மலர்
nddzr,விளக்கு
twosu,மேசை
ntmsa,மேசை
bkurz,தலை
cluxo,மரம்
johvx,மரம்
jmnmc,விளக்கு
jucbq,நதி
kfhjy,பட்டம்
qvwhr,சிவப்பு
pmhlt,பட்டம்
xbtie,உரை
ihkdh,காற்று
wdxpq,மரம்
ttmqi,கண்ணாடி
wfqee,உரை
gfpue,மேசை
lvftd,சிவப்பு
fuzvv,நாய்
lfbyj,நதி
djghz,பட்டம்
npiqg,மரம்
ksgps,மரம்
zdftm,சிவப்பு
qdpia,நதி
ivfwl,முடி
lrzgj,நாய்
ufvxo,மிகவும்
ewnaq,கதவு
fbfef,சிவப்பு
tgaaq,மரம்
hyfek,பாதை
fysoi,தலை
ywkio,மலர்
avsod,நதி
ezhcc,வந்தி
zccwz,நாய்
eqtam,கண்ணாடி
hladh,புத்தகம்
fcsqs,நதி
zjgyq,புத்தகம்
aanwb,ஆப்பிள்
isdra,பாதை
ihbme,மலர்
zxegq,கதவு
zousp,வந்தி
ekdem,மரம்
zndsf,புத்தகம்
jepxq,தலை
xbodq,தலை
lmisr,காற்று
olsqu,தலை
qzgda,பாதை
pbsii,தலை
talzk,நதி
yzxzq,சிவப்பு
eqgdy,பட்டம்
efoof,சிவப்பு
vmszt,பாதை
vowje,புத்தகம்
uzwmk,சிவப்பு
mcwlg,மேசை
mohct,மரம்
uqazn,முடி
mhnjl,தலை
ovtyy,சிவப்பு
mrfuk,காற்று
bfdxy,காற்று
npxzf,ஆப்பிள்
gljlg,சிவப்பு
ladgb,மலர்
iilsg,முடி
xdmzf,மேசை
nbfci,முடி
kfqsn,பட்டம்
xxitm,உரை
mgzqi,தலை
tvgck,நதி
gubxm,மிகவும்
pdgns,ஆப்பிள்
vubit,பட்டம்
xriqm,மிகவும்
itlik,பட்டம்
vsnjh,மலர்
dirsj,மரம்
bqalz,வந்தி
pfzpe,புத்தகம்
ukimq,நதி
jyqna,பட்டம்
tzmgp,நதி
fmufb,மேசை
xodjv,கண்ணாடி
djgrt,கண்ணாடி
rgbmg,நதி
jwcfq,ஆப்பிள்
lvwyt,விளக்கு
cyzhl,நதி
nsyvy,ஆப்பிள்
qejvl,கதவு
ccjek,கதவு
nzyjg,கதவு
pocmu,விளக்கு
bavvj,மலர்
gmefz,மழை
uqtsl,கண்ணாடி
wmmjj,சிவப்பு
kokef,கதவு
hwwqa,விளக்கு
twqai,கண்ணாடி
rlans,முடி
apcvs,உரை
dqdwe,உரை
dkirb,உரை
qwrno,விளக்கு
dxvot,உரை
elqlo,புத்தகம்
rkszj,மேசை
dkmti,மிகவும்
vmfow,வந்தி
docwd,மரம்
dqaww,கதவு
yixbs,ஆப்பிள்
asloq,உரை
wwfmu,கதவு
dycks,நாய்
sdspb,காற்று
vbivv,புத்தகம்
nmqri,முடி
tcwyg,வந்தி
opkpi,வந்தி
wyfkf,கதவு
dzazv,முடி
ykeef,மழை
flbql,வந்தி
wvkpn,முடி
kdzwl,சிவப்பு
mhesg,மழை
qnheo,விளக்கு
kyjrt,முடி
tscxr,கதவு
fxsnu,தலை
abzll,வந்தி
xzwfx,கதவு
wmrot,நாய்
egclc,மரம்
rzdql,வந்தி
nmvjd,பாதை
eknuy,பட்டம்
gutmi,விளக்கு
ywtpo,வந்தி
svxdr,மழை
bpptc,மிகவும்
olrwg,தலை
mievh,வந்தி
sqvrx,கண்ணாடி
angpm,மழை
kxqck,வந்தி
jgekm,காற்று
uzhdt,பாதை
vtrhq,கண்ணாடி
mjyoj,புத்தகம்
adzal,சிவப்பு
gfjok,மழை
bnnbv,வந்தி
sctpu,பாதை
lwkwp,ஆப்பிள்
ujfis,உரை
kaamj,முடி
cytzl,நாய்
ypahb,மலர்
hucwm,சிவப்பு
mzhjk,பாதை
ipyoo,தலை
jqsyn,பாதை
jjscu,பாதை
xtkiz,விளக்கு
bicrw,நதி
mlbem,முடி
aqxdo,மிகவும்
efozs,கதவு
qvtwu,சிவப்பு
niryl,ஆப்பிள்
fldze,மேசை
snhyj,மேசை
mxrbm,நதி
opgqd,உரை
culjs,கதவு
xoimu,வந்தி
pperd,மரம்
fyfwa,மரம்
bmwiv,பட்டம்
bunra,காற்று
maamd,பட்டம்
eavxe,ஆப்பிள்
nnngt,தலை
fifwr,மழை
sygyq,பட்டம்
fztay,மேசை
eunif,மலர்
pzfwj,விளக்கு
ugyeq,சிவப்பு
onvjo,ஆப்பிள்
luzok,விளக்கு
dfhhr,பாதை
xfwdq,மேசை
dnzhd,தலை
gloja,மலர்
kromg,கண்ணாடி
aqsih,புத்தகம்
yxaei,வந்தி
uflok,வந்தி
ttwhd,கண்ணாடி
uglbf,மலர்
nwriq,முடி
amrpl,புத்தகம்
sthol,தலை
kdcsy,நாய்
mngpq,மழை
wvqng,பட்டம்
xtsqw,மலர்
xlxbe,கண்ணாடி
uheor,தலை
cpcym,பட்டம்
mwcae,விளக்கு
kcjtp,மரம்
dcxqv,மேசை
cwsnu,கதவு
zlrkd,வந்தி
tvpic,கண்ணாடி
harmg,பட்டம்
iixzp,மழை
rvhtm,நாய்
zxxeg,ஆப்பிள்
psknf,மேசை
jdxdz,பாதை
zahzz,முடி
hdsyf,வந்தி
liuvh,மரம்
mlhxy,விளக்கு
pihff,நாய்
hmvro,தலை
chnph,நாய்
mqsho,ஆப்பிள்
fjjwe,மலர்
uxsbx,மேசை
iyehi,மிகவும்
ibcdp,முடி
tjrqf,மேசை
ccjaf,புத்தகம்
qungd,முடி
vdfqf,கண்ணாடி
dpgwp,பட்டம்
tpizc,உரை
qdstz,முடி
einaf,மலர்
fkvzz,கதவு
tdnof,பட்டம்
ggfce,ஆப்பிள்
ffefl,பாதை
xyjwf,காற்று
spplz,ஆப்பிள்
tzthe,விளக்கு
ifaab,மரம்
njadf,புத்தகம்
broiw,மேசை
kiyob,மேசை
vxyov,நதி
fnnmw,முடி
yvwrk,காற்று
mslnl,ஆப்பிள்
ofgwx,முடி
pvipn,சிவப்பு
xoxln,தலை
sunto,உரை
jgoeb,மலர்
ovfgp,வந்தி
ypgzo,நாய்
iwphx,வந்தி
lmkup,சிவப்பு
gppbn,விளக்கு
vmilz,ஆப்பிள்
jzpeh,மிகவும்
bbzvx,மழை
hiqog,வந்தி
gulxk,மரம்
yyinw,விளக்கு
dtbsf,உரை
hltwg,முடி
kiuke,காற்று
aoapg,பட்டம்
tupwh,முடி
gtzcq,விளக்கு
ueihp,புத்தகம்
rojwr,தலை
mufjc,புத்தகம்
pbzud,மரம்
orrvs,முடி
lftch,பட்டம்
gphtz,வந்தி
dhuuq,உரை
agoqs,நதி
hwmkl,ஆப்பிள்
evmkk,கதவு
wxoqg,பாதை
jysbg,பாதை
btmlm,தலை
hnaob,மரம்
sdwdv,மேசை
ytmvk,கண்ணாடி
fjgyu,நாய்
fqkol,மேசை
crhhb,கண்ணாடி
gabxn,சிவப்பு
sbusz,பட்டம்
efsyn,பாதை
tzazi,மரம்
jvmtf,காற்று
btugj,ஆப்பிள்
sjltw,பாதை
rejrk,பட்டம்
swxuz,பாதை
aoztl,ஆப்பிள்
umwob,மேசை
bctzh,நதி
mcirc,மிகவும்
hyjzh,பாதை
mffro,விளக்கு
xnfpr,பாதை
fijqo,கண்ணாடி
rdfmd,நாய்
cgytv,மழை
ckyoc,புத்தகம்
dbvwq,மரம்
vdhko,பட்டம்
leewd,பாதை
lpllc,உரை
jvcbt,வந்தி
bkbgc,கண்ணாடி
iipay,கண்ணாடி
jaorx,நதி
nszjg,மரம்
skkjo,விளக்கு
yxfqj,நாய்
uauot,முடி
xlwku,மேசை
eqcbq,மழை
glqyd,நாய்
oguot,நதி
ajqdi,கதவு
namyi,விளக்கு
onvxs,மலர்
kmxcw,புத்தகம்
kowpi,கண்ணாடி
vxunx,முடி
ftidb,நதி
tkvtq,தலை
cymsb,புத்தகம்
cskwa,முடி
squse,மேசை
lrusf,மேசை
wizbc,பட்டம்
lbzhl,சிவப்பு
ylwvv,கதவு
jcftr,மலர்
vltgm,மரம்
bnshu,ஆப்பிள்
dxncl,விளக்கு
pijpp,விளக்கு
tgxou,தலை
vlvov,உரை
xxzxq,விளக்கு
axuma,நதி
iofgh,மேசை
eztfy,நாய்
wmaud,மலர்
ybiqh,மேசை
ivqga,உரை
mfzsr,கண்ணாடி
fjmzc,முடி
hfxfz,நதி
ywvaw,விளக்கு
aenat,நாய்
gqzyg,கண்ணாடி
uwyss,நாய்
iafrv,ஆப்பிள்
pyytb,கதவு
gklpq,பாதை
mnami,கண்ணாடி
ozjsj,காற்று
wxxfk,சிவப்பு
iwhka,மேசை
nzcgm,நதி
sepwd,மரம்
afzhu,முடி
ggxgx,முடி
vnzvz,கதவு
kudeh,தலை
ociqc,மழை
fnjsp,நதி
abfcu,கண்ணாடி
etisk,தலை
zgqdl,கண்ணாடி
qndwj,புத்தகம்
leias,நாய்
witck,வந்தி
rqxxe,கதவு
fmlsq,மிகவும்
rmlvq,கண்ணாடி
bdqsr,நதி
hycgn,பாதை
bfyzi,காற்று
nhwkz,காற்று
fvtwf,காற்று
avhna,பாதை
oikwp,தலை
pkrel,நாய்
ucaai,கதவு
ynlcb,வந்தி
ygerh,முடி
dyumn,காற்று
agghc,பட்டம்
zhuia,கதவு
lqmio,மலர்
iwfhv,மரம்
fswdo,தலை
yowto,கதவு
icxtb,பட்டம்
shusk,புத்தகம்
gvawo,மிகவும்
zczya,காற்று
gujao,தலை
iyhij,மலர்
sexpd,தலை
ttshh,புத்தகம்
gjtnh,மரம்
edxdy,கண்ணாடி
xkcqk,காற்று
mfalw,சிவப்பு
svhau,காற்று
fgiux,மரம்
jrpgw,பட்டம்
fsimz,பாதை
rflpb,பாதை
yrlpu,வந்தி
mhxyf,புத்தகம்
wrgcs,மேசை
zyvrw,புத்தகம்
napsj,தலை
naqkr,நாய்
zpebm,கண்ணாடி
pdwnz,உரை
dxvcz,விளக்கு
sdbam,மிகவும்
qfyqs,நதி
ahkzg,உரை
